{
  "random_forest": {
    "accuracy": 0.9997743427733273,
    "precision": 0.9997746134745386,
    "recall": 0.9997743427733273,
    "f1": 0.999764898666518
  },
  "svm": {
    "accuracy": 0.9640922938057092,
    "precision": 0.9678884352298979,
    "recall": 0.9640922938057092,
    "f1": 0.960786560119561
  },
  "incremental_sgd": {
    "accuracy": 0.5006,
    "precision": 0.25060036028823063,
    "recall": 0.5006,
    "f1": 0.33400021341870084
  }
}